year,county,month,eto_in,precip_in
2021,Alameda,1,1.218929458730332,0.0
2021,Alameda,2,1.8821704877453658,0.0
2021,Alameda,3,3.0204354970008964,0.0
2021,Alameda,4,-272219.8054535693,0.0
2021,Alameda,5,5.673399613061031,0.0
2021,Alameda,6,6.040870994001793,0.0
2021,Alameda,7,6.103610010259972,0.0
2021,Alameda,8,5.5031079975031165,0.0
2021,Alameda,9,4.400693854680831,0.0
2021,Alameda,10,2.724665848926625,0.0
2021,Alameda,11,1.3354447746383784,0.0
2021,Alameda,12,0.7528681950981463,0.0
2024,Alameda,1,0.0009866130667086008,0.0
2024,Alameda,2,0.0015139407402942322,0.0
2024,Alameda,3,0.0024665326667715017,0.0
2024,Alameda,4,0.0033000506024391126,0.0
2024,Alameda,5,0.004388727089841707,0.0
2024,Alameda,6,0.004984097043890001,0.0
2024,Alameda,7,0.005460393007128635,0.0
2024,Alameda,8,0.004779970202502014,0.0
2024,Alameda,9,0.0037508307105042493,0.0
2024,Alameda,10,0.0029428286300101367,0.0
2024,Alameda,11,0.0014969301701785666,0.0
2024,Alameda,12,0.0008505285057832765,0.0
2023,Amador,1,0.03623964609460626,0.0
2023,Amador,2,0.042441810664752506,0.0
2023,Amador,3,0.05896889922716919,0.0
2023,Amador,4,0.1113177846831249,0.0
2023,Amador,5,0.1354333079143692,0.0
2023,Amador,6,0.16034519838805672,0.0
2023,Amador,7,0.21071299046043587,0.0
2023,Amador,8,0.18095407507002068,0.0
2023,Amador,9,0.12202286685965703,0.0
2023,Amador,10,0.08564393769802836,0.0
2023,Amador,11,0.044449114064934805,0.0
2023,Amador,12,0.02806130856954052,0.0
2023,Butte,1,0.9862490625785617,0.0
2023,Butte,2,1.1336089076308504,0.0
2023,Butte,3,1.5491907396592994,0.0
2023,Butte,4,3.0287756088208186,0.0
2023,Butte,5,3.6995256883625736,0.0
2023,Butte,6,4.238680884545017,0.0
2023,Butte,7,5.026628800593545,0.0
2023,Butte,8,4.264693068611654,0.0
2023,Butte,9,2.899602999952237,0.0
2023,Butte,10,2.131864200291042,0.0
2023,Butte,11,1.2070674686426641,0.0
2023,Butte,12,0.6062337286192899,0.0
2024,Butte,1,0.7684734547655833,0.0
2024,Butte,2,1.398572460609108,0.0
2024,Butte,3,2.423067871301554,0.0
2024,Butte,4,3.6576792159365468,0.0
2024,Butte,5,5.61527006467259,0.0
2024,Butte,6,6.234052944847511,0.0
2024,Butte,7,6.59244025104684,0.0
2024,Butte,8,5.302988503416774,0.0
2024,Butte,9,4.215444568492078,0.0
2024,Butte,10,3.062085796473977,0.0
2024,Butte,11,1.321384103778273,0.0
2024,Butte,12,0.6700716381929406,0.0
2023,Calaveras,1,0.3760741539367041,0.0
2023,Calaveras,2,0.4505435301607817,0.0
2023,Calaveras,3,0.6385931852452646,0.0
2023,Calaveras,4,1.1961538828467966,0.0
2023,Calaveras,5,1.454872499930954,0.0
2023,Calaveras,6,1.7155798766934276,0.0
2023,Calaveras,7,2.226314063702541,0.0
2023,Calaveras,8,1.9139484202002714,0.0
2023,Calaveras,9,1.3036369152948633,0.0
2023,Calaveras,10,0.8937616977520038,0.0
2023,Calaveras,11,0.4614079679748947,0.0
2023,Calaveras,12,0.2943500873050733,0.0
2024,Calaveras,1,0.4897725898027486,0.0
2024,Calaveras,2,0.7223646640489442,0.0
2024,Calaveras,3,1.2114153218932389,0.0
2024,Calaveras,4,1.7292321171700034,0.0
2024,Calaveras,5,2.6686734908537475,0.0
2024,Calaveras,6,3.3477142632450665,0.0
2024,Calaveras,7,3.625408046478333,0.0
2024,Calaveras,8,3.0831037570450857,0.0
2024,Calaveras,9,2.351102693930638,0.0
2024,Calaveras,10,1.6153248405206386,0.0
2024,Calaveras,11,0.6877806580112458,0.0
2024,Calaveras,12,0.4521541116997327,0.0
2023,Colusa,1,1.5328096629074937,0.0
2023,Colusa,2,1.9881898664124478,0.0
2023,Colusa,3,2.740170366600611,0.0
2023,Colusa,4,5.0754381617220075,0.0
2023,Colusa,5,5.974841576729142,0.0
2023,Colusa,6,7.0594099595907025,0.0
2023,Colusa,7,7.739991635259194,0.0
2023,Colusa,8,6.777754066903605,0.0
2023,Colusa,9,4.841776062030004,0.0
2023,Colusa,10,3.5715028681624235,0.0
2023,Colusa,11,2.014619796495046,0.0
2023,Colusa,12,0.9670887262013177,0.0
2023,Contra Costa,1,1.1087458034258089,0.0
2023,Contra Costa,2,1.4463470039360595,0.0
2023,Contra Costa,3,2.1547663003644293,0.0
2023,Contra Costa,4,3.8452954209390118,0.0
2023,Contra Costa,5,4.34592221730759,0.0
2023,Contra Costa,6,5.201407029645813,0.0
2023,Contra Costa,7,6.182591060162711,0.0
2023,Contra Costa,8,5.512345921103422,0.0
2023,Contra Costa,9,3.8924266144192243,0.0
2023,Contra Costa,10,2.849195455192837,0.0
2023,Contra Costa,11,1.5399163859123615,0.0
2023,Contra Costa,12,0.8313258228254081,0.0
2024,Contra Costa,1,0.03107803915377953,0.0
2024,Contra Costa,2,0.04843694390634106,0.0
2024,Contra Costa,3,0.085394612089214,0.0
2024,Contra Costa,4,0.11647265124299354,0.0
2024,Contra Costa,5,0.16098984246327233,0.0
2024,Contra Costa,6,0.18282846457133362,0.0
2024,Contra Costa,7,0.20158728099748882,0.0
2024,Contra Costa,8,0.17358904752561538,0.0
2024,Contra Costa,9,0.1357914323385862,0.0
2024,Contra Costa,10,0.10275351684177556,0.0
2024,Contra Costa,11,0.047876979236903594,0.0
2024,Contra Costa,12,0.026598321798279773,0.0
2018,El Dorado,1,0.09623454074144543,0.0
2018,El Dorado,2,0.1782705426849727,0.0
2018,El Dorado,3,0.22559900534469993,0.0
2018,El Dorado,4,0.3447089697050135,0.0
2018,El Dorado,5,0.48038389599623166,0.0
2018,El Dorado,6,0.6168476299984453,0.0
2018,El Dorado,7,0.6823186700110679,0.0
2018,El Dorado,8,0.5892393601136044,0.0
2018,El Dorado,9,0.46145251093234074,0.0
2018,El Dorado,10,0.30684619957723175,0.0
2018,El Dorado,11,0.16722723473103632,0.0
2018,El Dorado,12,0.1001785792964227,0.0
2024,El Dorado,1,0.7766385829895249,0.0
2024,El Dorado,2,1.1323727591890074,0.0
2024,El Dorado,3,1.784570190583333,0.0
2024,El Dorado,4,2.648505168398371,0.0
2024,El Dorado,5,4.055821546520922,0.0
2024,El Dorado,6,4.935787003584661,0.0
2024,El Dorado,7,5.408060355263998,0.0
2024,El Dorado,8,4.650543296888183,0.0
2024,El Dorado,9,3.6631474271960287,0.0
2024,El Dorado,10,2.6187003496115953,0.0
2024,El Dorado,11,1.0832574406547377,0.0
2024,El Dorado,12,0.7106036109904621,0.0
2023,Fresno,1,0.11286409325694356,0.0
2023,Fresno,2,0.1754713410480206,0.0
2023,Fresno,3,0.2449595157069379,0.0
2023,Fresno,4,0.4746744679666608,0.0
2023,Fresno,5,0.606758683977592,0.0
2023,Fresno,6,0.6680514225229224,0.0
2023,Fresno,7,0.8263367668522802,0.0
2023,Fresno,8,0.7031245283843545,0.0
2023,Fresno,9,0.4976479049736512,0.0
2023,Fresno,10,0.35855846298739513,0.0
2023,Fresno,11,0.20470181541643495,0.0
2023,Fresno,12,0.11986928329822806,0.0
2024,Fresno,1,0.4161672529374222,0.0
2024,Fresno,2,0.6586577233822003,0.0
2024,Fresno,3,1.2008410876687843,0.0
2024,Fresno,4,1.765664702020247,0.0
2024,Fresno,5,2.6041543378419667,0.0
2024,Fresno,6,3.07722053251787,0.0
2024,Fresno,7,3.3589712116460673,0.0
2024,Fresno,8,2.9187230781679188,0.0
2024,Fresno,9,2.2170992618283343,0.0
2024,Fresno,10,1.540964901751924,0.0
2024,Fresno,11,0.7158919152341884,0.0
2024,Fresno,12,0.36161207821890257,0.0
2023,Glenn,1,1.49,0.0
2023,Glenn,2,2.0,0.0
2023,Glenn,3,2.72,0.0
2023,Glenn,4,4.98,0.0
2023,Glenn,5,6.04,0.0
2023,Glenn,6,7.05,0.0
2023,Glenn,7,7.57,0.0
2023,Glenn,8,6.55,0.0
2023,Glenn,9,4.66,0.0
2023,Glenn,10,3.54,0.0
2023,Glenn,11,2.03,0.0
2023,Glenn,12,1.06,0.0
2024,Glenn,1,0.98,0.0
2024,Glenn,2,1.81,0.0
2024,Glenn,3,3.22,0.0
2024,Glenn,4,4.65,0.0
2024,Glenn,5,7.21,0.0
2024,Glenn,6,7.72,0.0
2024,Glenn,7,8.05,0.0
2024,Glenn,8,6.45,0.0
2024,Glenn,9,5.26,0.0
2024,Glenn,10,3.9,0.0
2024,Glenn,11,1.75,0.0
2024,Glenn,12,0.92,0.0
2016,Humboldt,1,0.04054582891696552,0.0
2016,Humboldt,2,0.09685948019052874,0.0
2016,Humboldt,3,0.12208799596108508,0.0
2016,Humboldt,4,0.192367432750492,0.0
2016,Humboldt,5,0.2545377037565058,0.0
2016,Humboldt,6,0.33022325106817474,0.0
2016,Humboldt,7,0.35905584052023914,0.0
2016,Humboldt,8,0.3194110300236506,0.0
2016,Humboldt,9,0.2477800656036782,0.0
2016,Humboldt,10,0.11397883017769196,0.0
2016,Humboldt,11,0.06532383547733334,0.0
2016,Humboldt,12,0.036040736815080465,0.0
2024,Humboldt,1,1.5017622130823791,0.0
2024,Humboldt,2,2.0160321259688634,0.0
2024,Humboldt,3,2.5088729803017564,0.0
2024,Humboldt,4,3.408333982707995,0.0
2024,Humboldt,5,5.162431782970416,0.0
2024,Humboldt,6,5.70631912219686,0.0
2024,Humboldt,7,6.5772148680431854,0.0
2024,Humboldt,8,5.611892597901225,0.0
2024,Humboldt,9,4.9605013985194,0.0
2024,Humboldt,10,2.6875982032768584,0.0
2024,Humboldt,11,1.1672939390919421,0.0
2024,Humboldt,12,0.8919874909351193,0.0
2024,Imperial,1,2.44,0.0
2024,Imperial,2,3.05,0.0
2024,Imperial,3,4.91,0.0
2024,Imperial,4,7.0200000000000005,0.0
2024,Imperial,5,9.11,0.0
2024,Imperial,6,10.16,0.0
2024,Imperial,7,10.27,0.0
2024,Imperial,8,9.44,0.0
2024,Imperial,9,7.79,0.0
2024,Imperial,10,5.53,0.0
2024,Imperial,11,3.26,0.0
2024,Imperial,12,2.77,0.0
2016,Kern,1,0.004659588405936451,0.0
2016,Kern,2,0.008765239728649689,0.0
2016,Kern,3,0.012773137448441182,0.0
2016,Kern,4,0.018214754677751584,0.0
2016,Kern,5,0.02310243482383877,0.0
2016,Kern,6,0.028544052053149173,0.0
2016,Kern,7,0.029032820067757894,0.0
2016,Kern,8,0.026295719185949067,0.0
2016,Kern,9,0.020723763819409675,0.0
2016,Kern,10,0.013033813722899166,0.0
2016,Kern,11,0.007298935684823533,0.0
2016,Kern,12,0.004040482254098742,0.0
2024,Kern,1,0.7008505627957036,0.0
2024,Kern,2,1.0977181373201261,0.0
2024,Kern,3,1.8088673069527086,0.0
2024,Kern,4,2.6424759458486795,0.0
2024,Kern,5,3.8173255869750498,0.0
2024,Kern,6,4.472184160759016,0.0
2024,Kern,7,4.895071371568117,0.0
2024,Kern,8,4.182248454357089,0.0
2024,Kern,9,3.256363583879459,0.0
2024,Kern,10,2.212571651587604,0.0
2024,Kern,11,1.0841435671393091,0.0
2024,Kern,12,0.728507337060884,0.0
2024,Kings,1,1.071194549766482,0.0
2024,Kings,2,1.789319329787799,0.0
2024,Kings,3,3.210944065839572,0.0
2024,Kings,4,4.723061446034427,0.0
2024,Kings,5,6.920660937087237,0.0
2024,Kings,6,8.18945785220519,0.0
2024,Kings,7,9.013831223645532,0.0
2024,Kings,8,7.78108191928472,0.0
2024,Kings,9,5.920686444200916,0.0
2024,Kings,10,3.9886174814770063,0.0
2024,Kings,11,1.8651680596869216,0.0
2024,Kings,12,0.9371715865118635,0.0
2020,Lake,1,0.48396431406527124,0.0
2020,Lake,2,1.2304605331493086,0.0
2020,Lake,3,1.4543207095493542,0.0
2020,Lake,4,2.1417537209116633,0.0
2020,Lake,5,2.6084409111277247,0.0
2020,Lake,6,3.2614495617394073,0.0
2020,Lake,7,3.315635498127366,0.0
2020,Lake,8,2.979255970028601,0.0
2020,Lake,9,2.3457058281643,0.0
2020,Lake,10,1.8887009710878464,0.0
2020,Lake,11,0.8517321218817133,0.0
2020,Lake,12,0.6237148224267729,0.0
2023,Lake,1,1.2217404411392152,0.0
2023,Lake,2,1.6631368238503144,0.0
2023,Lake,3,2.3378263428907085,0.0
2023,Lake,4,4.41350143552684,0.0
2023,Lake,5,5.105728897398098,0.0
2023,Lake,6,6.014814919936454,0.0
2023,Lake,7,6.888224097371721,0.0
2023,Lake,8,5.8966852057531645,0.0
2023,Lake,9,4.200590796825684,0.0
2023,Lake,10,3.0993905542282696,0.0
2023,Lake,11,1.6645527709373606,0.0
2023,Lake,12,0.8386649232428078,0.0
2024,Lake,1,0.9344724735658143,0.0
2024,Lake,2,1.538648495111068,0.0
2024,Lake,3,2.777708329568782,0.0
2024,Lake,4,4.307924593471195,0.0
2024,Lake,5,6.328166896625326,0.0
2024,Lake,6,7.032485511087057,0.0
2024,Lake,7,7.2953354145486955,0.0
2024,Lake,8,6.057311616363805,0.0
2024,Lake,9,4.817355016745213,0.0
2024,Lake,10,3.544554701016271,0.0
2024,Lake,11,1.4756263921556223,0.0
2024,Lake,12,0.8034176052201587,0.0
2021,Los Angeles,1,0.6556779593016999,0.0
2021,Los Angeles,2,0.8302271533844204,0.0
2021,Los Angeles,3,0.9879487971558688,0.0
2021,Los Angeles,4,-152164.8105961569,0.0
2021,Los Angeles,5,1.6296388407037177,0.0
2021,Los Angeles,6,1.890755223095335,0.0
2021,Los Angeles,7,1.983803231944583,0.0
2021,Los Angeles,8,1.8574796922567223,0.0
2021,Los Angeles,9,1.4430621214355552,0.0
2021,Los Angeles,10,0.954847680691014,0.0
2021,Los Angeles,11,0.7448194038658367,0.0
2021,Los Angeles,12,0.38188514401376394,0.0
2023,Los Angeles,1,0.07361669585266445,0.0
2023,Los Angeles,2,0.0963512636895167,0.0
2023,Los Angeles,3,0.11944669768250948,0.0
2023,Los Angeles,4,0.20605457515623235,0.0
2023,Los Angeles,5,0.25152371082993685,0.0
2023,Los Angeles,6,0.27570174329135116,0.0
2023,Los Angeles,7,0.36772261310718174,0.0
2023,Los Angeles,8,0.3020449726896086,0.0
2023,Los Angeles,9,0.22048922140185284,0.0
2023,Los Angeles,10,0.1714114241667432,0.0
2023,Los Angeles,11,0.10717724837373208,0.0
2023,Los Angeles,12,0.07361669585266445,0.0
2024,Los Angeles,1,0.641767322765807,0.0
2024,Los Angeles,2,0.685259909152672,0.0
2024,Los Angeles,3,1.0831947298829672,0.0
2024,Los Angeles,4,1.3071283053583407,0.0
2024,Los Angeles,5,1.341401286425901,0.0
2024,Los Angeles,6,1.6357818467889675,0.0
2024,Los Angeles,7,1.8295149578793983,0.0
2024,Los Angeles,8,1.7984729599616447,0.0
2024,Los Angeles,9,1.3998111323920681,0.0
2024,Los Angeles,10,1.049121926118513,0.0
2024,Los Angeles,11,0.8699896015590394,0.0
2024,Los Angeles,12,0.6066518545586196,0.0
2024,Madera,1,0.15792804915975583,0.0
2024,Madera,2,0.24936261025924958,0.0
2024,Madera,3,0.45164407814999985,0.0
2024,Madera,4,0.656653269678255,0.0
2024,Madera,5,0.9828488016835281,0.0
2024,Madera,6,1.170784010601556,0.0
2024,Madera,7,1.244146027761506,0.0
2024,Madera,8,1.072554200474833,0.0
2024,Madera,9,0.7937203511581993,0.0
2024,Madera,10,0.556170956512152,0.0
2024,Madera,11,0.2572422806579498,0.0
2024,Madera,12,0.13298697612052418,0.0
2016,Marin,1,0.017881049334925563,0.0
2016,Marin,2,0.0362002038498704,0.0
2016,Marin,3,0.04747362437490682,0.0
2016,Marin,4,0.07421515445939587,0.0
2016,Marin,5,0.08729659917335351,0.0
2016,Marin,6,0.10528885544596736,0.0
2016,Marin,7,0.10905216187109815,0.0
2016,Marin,8,0.09211270254467731,0.0
2016,Marin,9,0.07968505431538167,0.0
2016,Marin,10,0.04349462664513332,0.0
2016,Marin,11,0.023779278191308574,0.0
2016,Marin,12,0.015523713028296771,0.0
2024,Marin,1,1.0489298524779593,0.0
2024,Marin,2,1.5941040179881238,0.0
2024,Marin,3,2.6666961199497634,0.0
2024,Marin,4,3.772662003894592,0.0
2024,Marin,5,4.8789151184135235,0.0
2024,Marin,6,5.629996541285377,0.0
2024,Marin,7,6.021606663085173,0.0
2024,Marin,8,5.303977411238217,0.0
2024,Marin,9,4.1304113374298845,0.0
2024,Marin,10,3.1792876117708757,0.0
2024,Marin,11,1.458453185728857,0.0
2024,Marin,12,0.9043526650570516,0.0
2021,Mendocino,1,1.1934048697657424,0.0
2021,Mendocino,2,1.9934832435876824,0.0
2021,Mendocino,3,3.1433877665987713,0.0
2021,Mendocino,4,-177274.22524342136,0.0
2021,Mendocino,5,6.4025693991346815,0.0
2021,Mendocino,6,7.005126620346473,0.0
2021,Mendocino,7,7.194161521859286,0.0
2021,Mendocino,8,6.520797806632705,0.0
2021,Mendocino,9,4.97252984071597,0.0
2021,Mendocino,10,2.7818006319214703,0.0
2021,Mendocino,11,1.4480016532587439,0.0
2021,Mendocino,12,0.7513846994335375,0.0
2024,Mendocino,1,1.0374689239291552,0.0
2024,Mendocino,2,1.6237953328875658,0.0
2024,Mendocino,3,2.6078180362845997,0.0
2024,Mendocino,4,4.077588602369415,0.0
2024,Mendocino,5,5.941264104178217,0.0
2024,Mendocino,6,6.7866768359476275,0.0
2024,Mendocino,7,7.015095186791845,0.0
2024,Mendocino,8,5.889340869979544,0.0
2024,Mendocino,9,4.7557882933425475,0.0
2024,Mendocino,10,3.3713333818138858,0.0
2024,Mendocino,11,1.3673674593511302,0.0
2024,Mendocino,12,0.874329349948167,0.0
2023,Merced,1,1.1061677585928384,0.0
2023,Merced,2,1.6460307176918714,0.0
2023,Merced,3,2.4433599558285204,0.0
2023,Merced,4,4.4717872318310405,0.0
2023,Merced,5,5.584815796725476,0.0
2023,Merced,6,6.432837834800641,0.0
2023,Merced,7,7.706095503236687,0.0
2023,Merced,8,6.584731001423337,0.0
2023,Merced,9,4.686567752537562,0.0
2023,Merced,10,3.141015762680827,0.0
2023,Merced,11,1.655450261258527,0.0
2023,Merced,12,1.0087949851739693,0.0
2024,Merced,1,1.0258842359347033,0.0
2024,Merced,2,1.63452284074112,0.0
2024,Merced,3,2.9705688396523158,0.0
2024,Merced,4,4.277760716786324,0.0
2024,Merced,5,6.4070352004904425,0.0
2024,Merced,6,7.737196002791361,0.0
2024,Merced,7,8.155371424966372,0.0
2024,Merced,8,6.992210209771595,0.0
2024,Merced,9,5.182570463014101,0.0
2024,Merced,10,3.5929670329152508,0.0
2024,Merced,11,1.6479337727220178,0.0
2024,Merced,12,0.8695032813138817,0.0
2024,Mono,1,1.99,0.0
2024,Mono,2,2.1,0.0
2024,Mono,3,3.73,0.0
2024,Mono,4,5.17,0.0
2024,Mono,5,6.55,0.0
2024,Mono,6,7.46,0.0
2024,Mono,7,7.45,0.0
2024,Mono,8,6.97,0.0
2024,Mono,9,5.22,0.0
2024,Mono,10,3.77,0.0
2024,Mono,11,2.13,0.0
2024,Mono,12,1.83,0.0
2023,Monterey,1,1.4449875893311785,0.0
2023,Monterey,2,2.077436339535052,0.0
2023,Monterey,3,2.6893710748970676,0.0
2023,Monterey,4,4.459982110203114,0.0
2023,Monterey,5,5.058941153138187,0.0
2023,Monterey,6,5.727645720469323,0.0
2023,Monterey,7,7.0332179031871895,0.0
2023,Monterey,8,6.225352057116192,0.0
2023,Monterey,9,4.446710601462266,0.0
2023,Monterey,10,3.991339508721299,0.0
2023,Monterey,11,2.4925815097863104,0.0
2023,Monterey,12,1.4889820711415664,0.0
2024,Monterey,1,1.233506171332563,0.0
2024,Monterey,2,1.6448876748281016,0.0
2024,Monterey,3,2.762770576126475,0.0
2024,Monterey,4,3.7412945259451735,0.0
2024,Monterey,5,4.912631828097008,0.0
2024,Monterey,6,5.816915351404092,0.0
2024,Monterey,7,6.2046682393138655,0.0
2024,Monterey,8,5.630522753644481,0.0
2024,Monterey,9,4.474982908634424,0.0
2024,Monterey,10,3.633602736631838,0.0
2024,Monterey,11,1.864635937954168,0.0
2024,Monterey,12,1.335618428435402,0.0
2024,Napa,1,1.015683917846708,0.0
2024,Napa,2,1.6297487682848824,0.0
2024,Napa,3,2.9881238235299534,0.0
2024,Napa,4,4.3460086098602275,0.0
2024,Napa,5,6.295933415703788,0.0
2024,Napa,6,7.0801378679546385,0.0
2024,Napa,7,7.494902912120159,0.0
2024,Napa,8,6.4051110784041425,0.0
2024,Napa,9,5.033972525031189,0.0
2024,Napa,10,3.7274437539968317,0.0
2024,Napa,11,1.642387622711596,0.0
2024,Napa,12,0.8639195270034612,0.0
2024,Nevada,1,1.1488499601541386,0.0
2024,Nevada,2,1.820886478389363,0.0
2024,Nevada,3,2.9101516924601136,0.0
2024,Nevada,4,4.3838048712902005,0.0
2024,Nevada,5,6.662694369306252,0.0
2024,Nevada,6,7.683100925135719,0.0
2024,Nevada,7,8.241329489278854,0.0
2024,Nevada,8,7.008895539223904,0.0
2024,Nevada,9,5.5719146782275475,0.0
2024,Nevada,10,4.0546842515597366,0.0
2024,Nevada,11,1.7401166420692888,0.0
2024,Nevada,12,1.0130426148551661,0.0
2024,Placer,1,1.2201441745533588,0.0
2024,Placer,2,1.9005285375715537,0.0
2024,Placer,3,3.1194220745820775,0.0
2024,Placer,4,4.587998594792689,0.0
2024,Placer,5,7.032358369339457,0.0
2024,Placer,6,8.215092883100747,0.0
2024,Placer,7,8.842984768366957,0.0
2024,Placer,8,7.532330132322049,0.0
2024,Placer,9,5.971723792100473,0.0
2024,Placer,10,4.26220937639728,0.0
2024,Placer,11,1.8283837621224734,0.0
2024,Placer,12,1.0606094352106712,0.0
2023,Riverside,1,0.7713308199514767,0.0
2023,Riverside,2,1.0099349536904914,0.0
2023,Riverside,3,1.1792143585514776,0.0
2023,Riverside,4,1.948338983110914,0.0
2023,Riverside,5,2.105770428100761,0.0
2023,Riverside,6,2.3714780662921595,0.0
2023,Riverside,7,3.1051097218122683,0.0
2023,Riverside,8,2.742519177796336,0.0
2023,Riverside,9,1.895778544866681,0.0
2023,Riverside,10,1.7976167159722554,0.0
2023,Riverside,11,1.266840922359489,0.0
2023,Riverside,12,0.9892610500567312,0.0
2024,Riverside,1,2.4174798659661403,0.0
2024,Riverside,2,2.8835079589536172,0.0
2024,Riverside,3,4.405539310353496,0.0
2024,Riverside,4,6.223266182895756,0.0
2024,Riverside,5,7.829609068222929,0.0
2024,Riverside,6,9.001568600889888,0.0
2024,Riverside,7,9.36340629743484,0.0
2024,Riverside,8,8.639435428827909,0.0
2024,Riverside,9,6.957305766974762,0.0
2024,Riverside,10,5.035414339769841,0.0
2024,Riverside,11,3.026518399869698,0.0
2024,Riverside,12,2.560569254596586,0.0
2016,Sacramento,1,0.0003715052054287229,0.0
2016,Sacramento,2,0.0006954577445625693,0.0
2016,Sacramento,3,0.0009599694508278199,0.0
2016,Sacramento,4,0.0015335734880097681,0.0
2016,Sacramento,5,0.0019139948183687805,0.0
2016,Sacramento,6,0.0024400461892558523,0.0
2016,Sacramento,7,0.002657005229226226,0.0
2016,Sacramento,8,0.0023568290232398184,0.0
2016,Sacramento,9,0.0017594486529104317,0.0
2016,Sacramento,10,0.0009540253675409604,0.0
2016,Sacramento,11,0.00047255462130533555,0.0
2016,Sacramento,12,0.00031206437256012725,0.0
2023,Sacramento,1,0.41764104523398526,0.0
2023,Sacramento,2,0.49731582555287657,0.0
2023,Sacramento,3,0.7007559419836175,0.0
2023,Sacramento,4,1.3184676316157968,0.0
2023,Sacramento,5,1.5480022642099223,0.0
2023,Sacramento,6,1.8636077084682996,0.0
2023,Sacramento,7,2.2820640210549974,0.0
2023,Sacramento,8,2.0007326280428654,0.0
2023,Sacramento,9,1.3933450630056292,0.0
2023,Sacramento,10,0.9740360080658914,0.0
2023,Sacramento,11,0.529184928168611,0.0
2023,Sacramento,12,0.2825736430123128,0.0
2024,Sacramento,1,0.30745140630160056,0.0
2024,Sacramento,2,0.4977298479865944,0.0
2024,Sacramento,3,0.8735306045363878,0.0
2024,Sacramento,4,1.240525079045742,0.0
2024,Sacramento,5,1.9320790511591186,0.0
2024,Sacramento,6,2.2781466225714095,0.0
2024,Sacramento,7,2.4551953310529018,0.0
2024,Sacramento,8,2.0889996895828715,0.0
2024,Sacramento,9,1.6290460133140765,0.0
2024,Sacramento,10,1.13780712438527,0.0
2024,Sacramento,11,0.4897600491437412,0.0
2024,Sacramento,12,0.26812746394480125,0.0
2023,San Benito,1,1.3173913535276016,0.0
2023,San Benito,2,1.9124171209249332,0.0
2023,San Benito,3,2.6205800012445675,0.0
2023,San Benito,4,4.723611008956416,0.0
2023,San Benito,5,5.502712310238703,0.0
2023,San Benito,6,6.320191440234015,0.0
2023,San Benito,7,7.917712374965113,0.0
2023,San Benito,8,6.7486728731012855,0.0
2023,San Benito,9,4.855083662759165,0.0
2023,San Benito,10,3.950055547511247,0.0
2023,San Benito,11,2.3041028531124494,0.0
2023,San Benito,12,1.318717684129232,0.0
2024,San Benito,1,1.2804478733324418,0.0
2024,San Benito,2,1.8212757686126506,0.0
2024,San Benito,3,3.1816920893213103,0.0
2024,San Benito,4,4.526425290578235,0.0
2024,San Benito,5,6.376481766397308,0.0
2024,San Benito,6,7.5362995249790785,0.0
2024,San Benito,7,8.033650666586054,0.0
2024,San Benito,8,7.078524121904901,0.0
2024,San Benito,9,5.5306092879506075,0.0
2024,San Benito,10,4.291526040465854,0.0
2024,San Benito,11,2.0863353973101004,0.0
2024,San Benito,12,1.2423799491423368,0.0
2023,San Bernardino,1,0.10878397257516917,0.0
2023,San Bernardino,2,0.14242850017573694,0.0
2023,San Bernardino,3,0.17102634863621954,0.0
2023,San Bernardino,4,0.30111852202508166,0.0
2023,San Bernardino,5,0.328594886232212,0.0
2023,San Bernardino,6,0.37345425636630236,0.0
2023,San Bernardino,7,0.5085931088952497,0.0
2023,San Bernardino,8,0.43177143754061986,0.0
2023,San Bernardino,9,0.29999703777172937,0.0
2023,San Bernardino,10,0.25906286252437194,0.0
2023,San Bernardino,11,0.16710115374948664,0.0
2023,San Bernardino,12,0.12224178361539628,0.0
2024,San Bernardino,1,2.128877078337081,0.0
2024,San Bernardino,2,2.2581432438763,0.0
2024,San Bernardino,3,3.424932316169428,0.0
2024,San Bernardino,4,4.733432359928978,0.0
2024,San Bernardino,5,5.825458672899104,0.0
2024,San Bernardino,6,7.350423476048468,0.0
2024,San Bernardino,7,8.410669755638404,0.0
2024,San Bernardino,8,7.79364066452971,0.0
2024,San Bernardino,9,5.6116556319338295,0.0
2024,San Bernardino,10,4.2920780792194595,0.0
2024,San Bernardino,11,2.589868888152759,0.0
2024,San Bernardino,12,2.302406127631917,0.0
2023,San Diego,1,2.0202500585167407,0.0
2023,San Diego,2,2.6327953773405928,0.0
2023,San Diego,3,3.0863070580729604,0.0
2023,San Diego,4,4.776281528548357,0.0
2023,San Diego,5,5.117018896393701,0.0
2023,San Diego,6,5.802310804287924,0.0
2023,San Diego,7,7.264356616891556,0.0
2023,San Diego,8,6.487545583577167,0.0
2023,San Diego,9,4.619371649848982,0.0
2023,San Diego,10,4.361847571297711,0.0
2023,San Diego,11,3.2164265454679613,0.0
2023,San Diego,12,2.5410064957282454,0.0
2024,San Diego,1,2.480789853867498,0.0
2024,San Diego,2,2.6747799614538588,0.0
2024,San Diego,3,3.587615477483137,0.0
2024,San Diego,4,4.793628666261756,0.0
2024,San Diego,5,5.539241725732206,0.0
2024,San Diego,6,6.657961151386502,0.0
2024,San Diego,7,7.214750170465289,0.0
2024,San Diego,8,6.850256672297387,0.0
2024,San Diego,9,5.403333984977835,0.0
2024,San Diego,10,4.049228615088974,0.0
2024,San Diego,11,2.696068619137793,0.0
2024,San Diego,12,2.184441704724032,0.0
2023,San Joaquin,1,1.0720069827369831,0.0
2023,San Joaquin,2,1.3706235970626732,0.0
2023,San Joaquin,3,1.9762642598057605,0.0
2023,San Joaquin,4,3.6371441580139336,0.0
2023,San Joaquin,5,4.313697605956313,0.0
2023,San Joaquin,6,5.183057933668648,0.0
2023,San Joaquin,7,6.3375289518133595,0.0
2023,San Joaquin,8,5.547261826690831,0.0
2023,San Joaquin,9,3.8473229287056845,0.0
2023,San Joaquin,10,2.6856829146104473,0.0
2023,San Joaquin,11,1.4087287087926021,0.0
2023,San Joaquin,12,0.775554640102282,0.0
2024,San Joaquin,1,0.10414044149194178,0.0
2024,San Joaquin,2,0.16719880890366973,0.0
2024,San Joaquin,3,0.3004245995000389,0.0
2024,San Joaquin,4,0.42545276142960925,0.0
2024,San Joaquin,5,0.6570081495642665,0.0
2024,San Joaquin,6,0.7977559704831917,0.0
2024,San Joaquin,7,0.8520633632877879,0.0
2024,San Joaquin,8,0.7216506653266802,0.0
2024,San Joaquin,9,0.5488658999338976,0.0
2024,San Joaquin,10,0.37796387671409476,0.0
2024,San Joaquin,11,0.16821451791306086,0.0
2024,San Joaquin,12,0.08634360020627471,0.0
2016,San Luis Obispo,1,0.0016127173325693606,0.0
2016,San Luis Obispo,2,0.00338786662669247,0.0
2016,San Luis Obispo,3,0.003793946530576841,0.0
2016,San Luis Obispo,4,0.004930970261453081,0.0
2016,San Luis Obispo,5,0.0052906410334649535,0.0
2016,San Luis Obispo,6,0.006404460198404943,0.0
2016,San Luis Obispo,7,0.0061956191049786944,0.0
2016,San Luis Obispo,8,0.005476277560954951,0.0
2016,San Luis Obispo,9,0.004965777110357456,0.0
2016,San Luis Obispo,10,0.003654719134959342,0.0
2016,San Luis Obispo,11,0.0023204565936249793,0.0
2016,San Luis Obispo,12,0.0017287401622506095,0.0
2020,San Luis Obispo,1,0.25569042462865293,0.0
2020,San Luis Obispo,2,0.4784297779008956,0.0
2020,San Luis Obispo,3,0.5121235186938483,0.0
2020,San Luis Obispo,4,0.7488624623468968,0.0
2020,San Luis Obispo,5,1.0737003211211023,0.0
2020,San Luis Obispo,6,1.2321362825206563,0.0
2020,San Luis Obispo,7,1.266271402364799,0.0
2020,San Luis Obispo,8,1.2108167045695875,0.0
2020,San Luis Obispo,9,0.9002152458737342,0.0
2020,San Luis Obispo,10,0.6765608941552087,0.0
2020,San Luis Obispo,11,0.3995508915754867,0.0
2020,San Luis Obispo,12,0.3107737877055935,0.0
2023,San Luis Obispo,1,1.4289743043977774,0.0
2023,San Luis Obispo,2,2.0796415540001676,0.0
2023,San Luis Obispo,3,2.6509161051071906,0.0
2023,San Luis Obispo,4,4.610252388027558,0.0
2023,San Luis Obispo,5,5.41560308947568,0.0
2023,San Luis Obispo,6,5.944157174990458,0.0
2023,San Luis Obispo,7,7.706682478613991,0.0
2023,San Luis Obispo,8,6.704543777591452,0.0
2023,San Luis Obispo,9,4.674140943818582,0.0
2023,San Luis Obispo,10,3.8871353771866395,0.0
2023,San Luis Obispo,11,2.460186600193284,0.0
2023,San Luis Obispo,12,1.558147635644046,0.0
2024,San Luis Obispo,1,1.5262486740910315,0.0
2024,San Luis Obispo,2,1.9259387395584078,0.0
2024,San Luis Obispo,3,3.2128435230049504,0.0
2024,San Luis Obispo,4,4.3608517985759585,0.0
2024,San Luis Obispo,5,5.983994643846434,0.0
2024,San Luis Obispo,6,7.1723091471889635,0.0
2024,San Luis Obispo,7,7.845668363987159,0.0
2024,San Luis Obispo,8,7.11132762440816,0.0
2024,San Luis Obispo,9,5.468890782543055,0.0
2024,San Luis Obispo,10,4.180190166199597,0.0
2024,San Luis Obispo,11,2.1506256920038784,0.0
2024,San Luis Obispo,12,1.6256140134239097,0.0
2024,San Mateo,1,1.1411334049665707,0.0
2024,San Mateo,2,1.7083246324265724,0.0
2024,San Mateo,3,2.5541327674109833,0.0
2024,San Mateo,4,3.3828294324695216,0.0
2024,San Mateo,5,4.1918450814783865,0.0
2024,San Mateo,6,4.632718979757546,0.0
2024,San Mateo,7,5.050353017563449,0.0
2024,San Mateo,8,4.558964165541385,0.0
2024,San Mateo,9,3.5239417277885963,0.0
2024,San Mateo,10,2.8827670405338637,0.0
2024,San Mateo,11,1.6120199354644575,0.0
2024,San Mateo,12,1.1467861501957988,0.0
2023,Santa Barbara,1,0.7821091168316667,0.0
2023,Santa Barbara,2,1.0017390883292225,0.0
2023,Santa Barbara,3,1.3057429535682425,0.0
2023,Santa Barbara,4,2.004392344184692,0.0
2023,Santa Barbara,5,2.137904123886523,0.0
2023,Santa Barbara,6,2.29250794788015,0.0
2023,Santa Barbara,7,3.0362666941812853,0.0
2023,Santa Barbara,8,2.675298370695576,0.0
2023,Santa Barbara,9,1.954576748981241,0.0
2023,Santa Barbara,10,1.702193963502521,0.0
2023,Santa Barbara,11,1.2066088137350086,0.0
2023,Santa Barbara,12,0.8258176850052805,0.0
2024,Santa Barbara,1,1.58184941167129,0.0
2024,Santa Barbara,2,1.8895167691594783,0.0
2024,Santa Barbara,3,2.821097377587842,0.0
2024,Santa Barbara,4,3.6240629296407634,0.0
2024,Santa Barbara,5,4.530265714143981,0.0
2024,Santa Barbara,6,5.208843238742324,0.0
2024,Santa Barbara,7,5.647965817523844,0.0
2024,Santa Barbara,8,5.391834299935656,0.0
2024,Santa Barbara,9,4.02956417458794,0.0
2024,Santa Barbara,10,3.044066161574734,0.0
2024,Santa Barbara,11,1.8609191178204678,0.0
2024,Santa Barbara,12,1.6259699802036625,0.0
2022,Santa Clara,1,0.00267437253920219,0.0
2022,Santa Clara,2,0.0046459902505848255,0.0
2022,Santa Clara,3,0.0067932966689223506,0.0
2022,Santa Clara,4,0.008745393412865555,0.0
2022,Santa Clara,5,0.011341682082310017,0.0
2022,Santa Clara,6,0.012493419161236507,0.0
2022,Santa Clara,7,0.01194683207293241,0.0
2022,Santa Clara,8,0.011419765952067744,0.0
2022,Santa Clara,9,0.009506711143003404,0.0
2022,Santa Clara,10,0.0060319789387845,0.0
2022,Santa Clara,11,0.003338085432142879,0.0
2022,Santa Clara,12,0.0015811983625939952,0.0
2023,Santa Clara,1,1.2455611064162424,0.0
2023,Santa Clara,2,1.633847124691262,0.0
2023,Santa Clara,3,2.3522070648790736,0.0
2023,Santa Clara,4,3.870330151437325,0.0
2023,Santa Clara,5,4.247617247054183,0.0
2023,Santa Clara,6,4.887302764208975,0.0
2023,Santa Clara,7,5.792402538043163,0.0
2023,Santa Clara,8,5.118699084828184,0.0
2023,Santa Clara,9,3.7206340807167386,0.0
2023,Santa Clara,10,3.1197457225228833,0.0
2023,Santa Clara,11,1.8830420396596588,0.0
2023,Santa Clara,12,1.0879138874050072,0.0
2024,Santa Clara,1,1.1712288072856365,0.0
2024,Santa Clara,2,1.7628868194883447,0.0
2024,Santa Clara,3,2.862716654084785,0.0
2024,Santa Clara,4,3.9147817195773893,0.0
2024,Santa Clara,5,5.113382153947032,0.0
2024,Santa Clara,6,5.869544092996055,0.0
2024,Santa Clara,7,6.265080335795193,0.0
2024,Santa Clara,8,5.611766029584908,0.0
2024,Santa Clara,9,4.357073026718153,0.0
2024,Santa Clara,10,3.476553781073977,0.0
2024,Santa Clara,11,1.8334848202923701,0.0
2024,Santa Clara,12,1.1580530879533857,0.0
2023,Santa Cruz,1,1.2500845142476649,0.0
2023,Santa Cruz,2,1.5496829607733398,0.0
2023,Santa Cruz,3,2.1750573171726484,0.0
2023,Santa Cruz,4,3.331162827639118,0.0
2023,Santa Cruz,5,3.5650054084524267,0.0
2023,Santa Cruz,6,3.9318367547103628,0.0
2023,Santa Cruz,7,4.589737869320077,0.0
2023,Santa Cruz,8,4.1194611704074156,0.0
2023,Santa Cruz,9,3.064438059015408,0.0
2023,Santa Cruz,10,2.7908140658332505,0.0
2023,Santa Cruz,11,1.7824336218297325,0.0
2023,Santa Cruz,12,1.055129444247072,0.0
2024,Santa Cruz,1,1.2047286239935302,0.0
2024,Santa Cruz,2,1.811657765727545,0.0
2024,Santa Cruz,3,2.728821974825235,0.0
2024,Santa Cruz,4,3.6550483046969777,0.0
2024,Santa Cruz,5,4.375413927627895,0.0
2024,Santa Cruz,6,4.937723597409086,0.0
2024,Santa Cruz,7,5.31892513917837,0.0
2024,Santa Cruz,8,4.938598095141381,0.0
2024,Santa Cruz,9,3.7755061038450246,0.0
2024,Santa Cruz,10,3.186055006611562,0.0
2024,Santa Cruz,11,1.814955243742337,0.0
2024,Santa Cruz,12,1.271879628638225,0.0
2024,Shasta,1,0.7732053494937807,0.0
2024,Shasta,2,1.4879774407140607,0.0
2024,Shasta,3,2.5890046830302897,0.0
2024,Shasta,4,4.010245059047161,0.0
2024,Shasta,5,6.33174981205657,0.0
2024,Shasta,6,7.379234649757927,0.0
2024,Shasta,7,8.184056081948727,0.0
2024,Shasta,8,6.412425754870367,0.0
2024,Shasta,9,5.190937767513241,0.0
2024,Shasta,10,3.4319146335113144,0.0
2024,Shasta,11,1.2824590406653398,0.0
2024,Shasta,12,0.7180089009788163,0.0
2024,Siskiyou,1,0.89,0.0
2024,Siskiyou,2,1.36,0.0
2024,Siskiyou,3,2.48,0.0
2024,Siskiyou,4,3.64,0.0
2024,Siskiyou,5,5.48,0.0
2024,Siskiyou,6,6.71,0.0
2024,Siskiyou,7,8.09,0.0
2024,Siskiyou,8,6.25,0.0
2024,Siskiyou,9,4.65,0.0
2024,Siskiyou,10,2.71,0.0
2024,Siskiyou,11,0.91,0.0
2024,Siskiyou,12,0.61,0.0
2023,Solano,1,0.17790433891050803,0.0
2023,Solano,2,0.21588413140364604,0.0
2023,Solano,3,0.3061004403943156,0.0
2023,Solano,4,0.5747783663921112,0.0
2023,Solano,5,0.6684573401273575,0.0
2023,Solano,6,0.8061517181185931,0.0
2023,Solano,7,0.958784506830894,0.0
2023,Solano,8,0.8490557482455157,0.0
2023,Solano,9,0.5946854699931167,0.0
2023,Solano,10,0.424537967238723,0.0
2023,Solano,11,0.23080285282383994,0.0
2023,Solano,12,0.1192270350928063,0.0
2024,Solano,1,0.17303873009425952,0.0
2024,Solano,2,0.28130634753974254,0.0
2024,Solano,3,0.5085628833688124,0.0
2024,Solano,4,0.7143484517174433,0.0
2024,Solano,5,1.1069296849898251,0.0
2024,Solano,6,1.2715299457669902,0.0
2024,Solano,7,1.3700381013551977,0.0
2024,Solano,8,1.1645912049916092,0.0
2024,Solano,9,0.9107175744446461,0.0
2024,Solano,10,0.6489812183863082,0.0
2024,Solano,11,0.28282850809448257,0.0
2024,Solano,12,0.14628560340007446,0.0
2021,Sonoma,1,0.06855048191949911,0.0
2021,Sonoma,2,0.11906136333386685,0.0
2021,Sonoma,3,0.18580788520285282,0.0
2021,Sonoma,4,-11506.874875206866,0.0
2021,Sonoma,5,0.37522369050673193,0.0
2021,Sonoma,6,0.4028844112812667,0.0
2021,Sonoma,7,0.4094989314664815,0.0
2021,Sonoma,8,0.3680078503046794,0.0
2021,Sonoma,9,0.2898362481157769,0.0
2021,Sonoma,10,0.16596432464720837,0.0
2021,Sonoma,11,0.08238084230676647,0.0
2021,Sonoma,12,0.04149108116180209,0.0
2024,Sonoma,1,1.009888341382394,0.0
2024,Sonoma,2,1.5608739525048567,0.0
2024,Sonoma,3,2.746047545122251,0.0
2024,Sonoma,4,4.0730938347105266,0.0
2024,Sonoma,5,5.6287842071848235,0.0
2024,Sonoma,6,6.491363303929592,0.0
2024,Sonoma,7,6.789978140479728,0.0
2024,Sonoma,8,5.839407063912801,0.0
2024,Sonoma,9,4.578477762198527,0.0
2024,Sonoma,10,3.427813974432644,0.0
2024,Sonoma,11,1.4668813081229375,0.0
2024,Sonoma,12,0.8552974344639341,0.0
2023,Stanislaus,1,0.6405827794121235,0.0
2023,Stanislaus,2,0.912463866611634,0.0
2023,Stanislaus,3,1.352782068528289,0.0
2023,Stanislaus,4,2.4621797578504947,0.0
2023,Stanislaus,5,3.004541067390401,0.0
2023,Stanislaus,6,3.5369407406111537,0.0
2023,Stanislaus,7,4.233818147657193,0.0
2023,Stanislaus,8,3.6483385441752008,0.0
2023,Stanislaus,9,2.5599338412876054,0.0
2023,Stanislaus,10,1.7610792207839416,0.0
2023,Stanislaus,11,0.9167791566894452,0.0
2023,Stanislaus,12,0.5494503550668985,0.0
2024,Stanislaus,1,0.7886920994349047,0.0
2024,Stanislaus,2,1.2517586587541991,0.0
2024,Stanislaus,3,2.2626108232829307,0.0
2024,Stanislaus,4,3.2002989097165138,0.0
2024,Stanislaus,5,4.851753238991239,0.0
2024,Stanislaus,6,5.903771986409756,0.0
2024,Stanislaus,7,6.283740693277227,0.0
2024,Stanislaus,8,5.34239284572478,0.0
2024,Stanislaus,9,4.005120109037403,0.0
2024,Stanislaus,10,2.7689442399978406,0.0
2024,Stanislaus,11,1.2568241870461816,0.0
2024,Stanislaus,12,0.6695708238069019,0.0
2023,Sutter,1,1.6879140329703235,0.0
2023,Sutter,2,1.948428535749151,0.0
2023,Sutter,3,2.7409332286964307,0.0
2023,Sutter,4,5.060997513612264,0.0
2023,Sutter,5,6.018427729753383,0.0
2023,Sutter,6,7.071329165964383,0.0
2023,Sutter,7,7.960753018543629,0.0
2023,Sutter,8,6.898171978629428,0.0
2023,Sutter,9,4.870738955744938,0.0
2023,Sutter,10,3.617291445371318,0.0
2023,Sutter,11,2.1144603801364696,0.0
2023,Sutter,12,1.0531068255831646,0.0
2024,Sutter,1,1.1384645227463701,0.0
2024,Sutter,2,1.9193855307708283,0.0
2024,Sutter,3,3.332343442770606,0.0
2024,Sutter,4,4.854130978554106,0.0
2024,Sutter,5,7.38667698696287,0.0
2024,Sutter,6,8.09437357443123,0.0
2024,Sutter,7,8.443849776850564,0.0
2024,Sutter,8,7.032575427477156,0.0
2024,Sutter,9,5.571065184425715,0.0
2024,Sutter,10,4.111025154186749,0.0
2024,Sutter,11,1.8539070175696368,0.0
2024,Sutter,12,0.984044318766641,0.0
2023,Tehama,1,1.099869674440499,0.0
2023,Tehama,2,1.4404829063515519,0.0
2023,Tehama,3,1.8866897012441495,0.0
2023,Tehama,4,3.581037276511925,0.0
2023,Tehama,5,4.396443572745033,0.0
2023,Tehama,6,5.150497375490701,0.0
2023,Tehama,7,5.7065862395862545,0.0
2023,Tehama,8,4.991075879782668,0.0
2023,Tehama,9,3.4400623675282054,0.0
2023,Tehama,10,2.600851189039021,0.0
2023,Tehama,11,1.452200505232565,0.0
2023,Tehama,12,0.7665400644940737,0.0
2024,Tehama,1,0.9193447400238102,0.0
2024,Tehama,2,1.6987237600456613,0.0
2024,Tehama,3,2.9380971754340077,0.0
2024,Tehama,4,4.351867611194107,0.0
2024,Tehama,5,6.808442297954716,0.0
2024,Tehama,6,7.570521270756764,0.0
2024,Tehama,7,8.124241812532878,0.0
2024,Tehama,8,6.440114065245892,0.0
2024,Tehama,9,5.329560358414824,0.0
2024,Tehama,10,3.7123240718409356,0.0
2024,Tehama,11,1.5468003339610006,0.0
2024,Tehama,12,0.868233352378686,0.0
2016,Trinity,1,0.14592613899230863,0.0
2016,Trinity,2,0.32395492854751773,0.0
2016,Trinity,3,0.4529543230743867,0.0
2016,Trinity,4,0.7244553941105627,0.0
2016,Trinity,5,0.9628756655892157,0.0
2016,Trinity,6,1.2338955511889678,0.0
2016,Trinity,7,1.339099527732412,0.0
2016,Trinity,8,1.2002456050842956,0.0
2016,Trinity,9,0.9003233160327456,0.0
2016,Trinity,10,0.4179241735866833,0.0
2016,Trinity,11,0.19762113444078488,0.0
2016,Trinity,12,0.1304419580347917,0.0
2023,Trinity,1,1.0330997658842953,0.0
2023,Trinity,2,1.517514962579419,0.0
2023,Trinity,3,2.012020973070957,0.0
2023,Trinity,4,3.802453577720518,0.0
2023,Trinity,5,5.046695036638232,0.0
2023,Trinity,6,5.897936492689376,0.0
2023,Trinity,7,6.969424190622902,0.0
2023,Trinity,8,5.918921992818122,0.0
2023,Trinity,9,4.105156948067811,0.0
2023,Trinity,10,3.0565858368456444,0.0
2023,Trinity,11,1.6994242121264684,0.0
2023,Trinity,12,1.1324537660957616,0.0
2024,Trinity,1,1.1897035643830334,0.0
2024,Trinity,2,1.7266971038423002,0.0
2024,Trinity,3,2.413661207690165,0.0
2024,Trinity,4,3.476646063300774,0.0
2024,Trinity,5,5.5843767715458235,0.0
2024,Trinity,6,6.26530936896732,0.0
2024,Trinity,7,7.231320347197364,0.0
2024,Trinity,8,5.951259306446145,0.0
2024,Trinity,9,5.079990443129905,0.0
2024,Trinity,10,2.981130351378363,0.0
2024,Trinity,11,1.1677569708400823,0.0
2024,Trinity,12,0.8063565760439985,0.0
2024,Tulare,1,1.1852765310315607,0.0
2024,Tulare,2,1.9963052293848604,0.0
2024,Tulare,3,3.4388564372747275,0.0
2024,Tulare,4,5.002239538413864,0.0
2024,Tulare,5,7.25033089059775,0.0
2024,Tulare,6,8.487987909560664,0.0
2024,Tulare,7,9.307700667359727,0.0
2024,Tulare,8,8.0137873578324,0.0
2024,Tulare,9,6.132618299508533,0.0
2024,Tulare,10,4.064401650826836,0.0
2024,Tulare,11,1.953984250574146,0.0
2024,Tulare,12,1.0940993883775634,0.0
2024,Tuolumne,1,1.183502238779944,0.0
2024,Tuolumne,2,1.7312705841023255,0.0
2024,Tuolumne,3,2.909971037118881,0.0
2024,Tuolumne,4,4.1430715099074025,0.0
2024,Tuolumne,5,6.273335795556218,0.0
2024,Tuolumne,6,7.859303215073522,0.0
2024,Tuolumne,7,8.45176839581088,0.0
2024,Tuolumne,8,7.132979257443013,0.0
2024,Tuolumne,9,5.331636252986473,0.0
2024,Tuolumne,10,3.6510172259324087,0.0
2024,Tuolumne,11,1.605790048814679,0.0
2024,Tuolumne,12,1.0816253255075745,0.0
2023,Ventura,1,0.4809053184351647,0.0
2023,Ventura,2,0.6178443137439018,0.0
2023,Ventura,3,0.6850819025588682,0.0
2023,Ventura,4,1.060792028714204,0.0
2023,Ventura,5,1.1217529812912275,0.0
2023,Ventura,6,1.1931616459943983,0.0
2023,Ventura,7,1.764304333502097,0.0
2023,Ventura,8,1.5084034024357256,0.0
2023,Ventura,9,1.0450643501788752,0.0
2023,Ventura,10,0.9712762788297176,0.0
2023,Ventura,11,0.7022441733962819,0.0
2023,Ventura,12,0.5099913758623223,0.0
2024,Ventura,1,1.9624276899544,0.0
2024,Ventura,2,2.081948835977849,0.0
2024,Ventura,3,3.2350431423700448,0.0
2024,Ventura,4,4.033194513610078,0.0
2024,Ventura,5,4.577359510502272,0.0
2024,Ventura,6,5.686787135046204,0.0
2024,Ventura,7,6.304503870184363,0.0
2024,Ventura,8,5.898422161631553,0.0
2024,Ventura,9,4.583563804638839,0.0
2024,Ventura,10,3.4540458437552357,0.0
2024,Ventura,11,2.4286453435950097,0.0
2024,Ventura,12,1.9217727290422197,0.0
2023,Yolo,1,1.578820830010919,0.0
2023,Yolo,2,1.9372623657813075,0.0
2023,Yolo,3,2.7289089026924205,0.0
2023,Yolo,4,5.120885773302831,0.0
2023,Yolo,5,5.953334608665033,0.0
2023,Yolo,6,7.162689166575363,0.0
2023,Yolo,7,8.390942026010837,0.0
2023,Yolo,8,7.418967324038218,0.0
2023,Yolo,9,5.220202254665788,0.0
2023,Yolo,10,3.7444581013226284,0.0
2023,Yolo,11,2.0549852279138854,0.0
2023,Yolo,12,1.040510436299615,0.0
2024,Yolo,1,1.1091979300744865,0.0
2024,Yolo,2,1.8389068341241397,0.0
2024,Yolo,3,3.309381774844914,0.0
2024,Yolo,4,4.720513105934732,0.0
2024,Yolo,5,7.331143763317732,0.0
2024,Yolo,6,8.307185141401927,0.0
2024,Yolo,7,8.888994643667816,0.0
2024,Yolo,8,7.520133960322514,0.0
2024,Yolo,9,5.897416150633305,0.0
2024,Yolo,10,4.212687878582019,0.0
2024,Yolo,11,1.8339766909752684,0.0
2024,Yolo,12,0.9500334377815322,0.0
